iter,n_resources,mean_fit_time,std_fit_time,mean_score_time,std_score_time,param_xgbclassifier__colsample_bytree,param_xgbclassifier__gamma,param_xgbclassifier__learning_rate,param_xgbclassifier__max_depth,param_xgbclassifier__min_child_weight,param_xgbclassifier__reg_alpha,param_xgbclassifier__reg_lambda,param_xgbclassifier__subsample,param_xgbclassifier__n_estimators,params,split0_test_score,split1_test_score,split2_test_score,split3_test_score,split4_test_score,mean_test_score,std_test_score,rank_test_score,split0_train_score,split1_train_score,split2_train_score,split3_train_score,split4_train_score,mean_train_score,std_train_score
0,30,22.136591911315918,0.10672171398221168,0.047829055786132814,0.0029456094419193224,0.9684995091420571,3.651330715937309,0.025256597136366094,10,2,0.009658325743468397,5.8486333682097336e-05,0.46426808830740685,30,"{'xgbclassifier__colsample_bytree': 0.9684995091420571, 'xgbclassifier__gamma': 3.651330715937309, 'xgbclassifier__learning_rate': 0.025256597136366094, 'xgbclassifier__max_depth': 10, 'xgbclassifier__min_child_weight': 2, 'xgbclassifier__reg_alpha': 0.009658325743468397, 'xgbclassifier__reg_lambda': 5.8486333682097336e-05, 'xgbclassifier__subsample': 0.46426808830740685, 'xgbclassifier__n_estimators': 30}",0.26610135271552593,0.42169595110771574,0.3157894736842105,0.2938066465256798,0.32948517940717625,0.3253757206880616,0.05271892964143286,55,0.6376811594202898,0.6290121356470455,0.6442765833817548,0.6776637341153471,0.6472922502334267,0.6471851725595728,0.016480288878041087
0,30,14.474309349060059,0.018087325512623254,0.04382944107055664,0.0027726952758635255,0.5835307059230563,0.8819357358582953,0.07973997781317664,9,1,0.02199643039546155,0.08484767945290277,0.7486927594804611,30,"{'xgbclassifier__colsample_bytree': 0.5835307059230563, 'xgbclassifier__gamma': 0.8819357358582953, 'xgbclassifier__learning_rate': 0.07973997781317664, 'xgbclassifier__max_depth': 9, 'xgbclassifier__min_child_weight': 1, 'xgbclassifier__reg_alpha': 0.02199643039546155, 'xgbclassifier__reg_lambda': 0.08484767945290277, 'xgbclassifier__subsample': 0.7486927594804611, 'xgbclassifier__n_estimators': 30}",0.3171782444803446,0.38874680306905374,0.2896174863387978,0.2931103146156909,0.3349315068493151,0.3247168710706404,0.03603315996738045,56,0.6782503037667073,0.6801264899051325,0.6940344784819547,0.7277221282685054,0.7003138731952291,0.6960894547235058,0.017864748680203494
0,30,23.151914358139038,0.07339450639954379,0.04757189750671387,0.0012777856585102331,0.9622469621108742,4.939474586982913,0.0117517463973309,10,3,3.0377063542694643e-05,7.73131935375949e-05,0.5589126373897145,30,"{'xgbclassifier__colsample_bytree': 0.9622469621108742, 'xgbclassifier__gamma': 4.939474586982913, 'xgbclassifier__learning_rate': 0.0117517463973309, 'xgbclassifier__max_depth': 10, 'xgbclassifier__min_child_weight': 3, 'xgbclassifier__reg_alpha': 3.0377063542694643e-05, 'xgbclassifier__reg_lambda': 7.73131935375949e-05, 'xgbclassifier__subsample': 0.5589126373897145, 'xgbclassifier__n_estimators': 30}",0.2606155044799377,0.40371229698375866,0.3039106145251397,0.28924690895466465,0.3323133414932681,0.3179597332873538,0.04872308045620025,60,0.6077793969285954,0.604462028794373,0.6263086026399636,0.6503388419926287,0.608869623207736,0.6195516987126594,0.017169134553931223
0,30,10.0005521774292,0.09147252802203976,0.037144041061401366,0.002851844248412659,0.6774063298099378,0.004062442694274804,0.04594872151884791,5,2,0.023460933406135653,2.5502152173721385e-05,0.9566854934346185,30,"{'xgbclassifier__colsample_bytree': 0.6774063298099378, 'xgbclassifier__gamma': 0.004062442694274804, 'xgbclassifier__learning_rate': 0.04594872151884791, 'xgbclassifier__max_depth': 5, 'xgbclassifier__min_child_weight': 2, 'xgbclassifier__reg_alpha': 0.023460933406135653, 'xgbclassifier__reg_lambda': 2.5502152173721385e-05, 'xgbclassifier__subsample': 0.9566854934346185, 'xgbclassifier__n_estimators': 30}",0.2856536502546689,0.45137614678899085,0.37266132111492933,0.3168946866051543,0.3172774869109947,0.3487726583349476,0.0584641841438374,8,0.4381038374717832,0.42016057091882253,0.4171215665886838,0.4346619809488579,0.43667331038231566,0.4293442532620926,0.008859545275545
0,30,17.689572048187255,0.0635069831915746,0.046994590759277345,0.003163245589778392,0.7475176401325057,3.8864127959033237,0.010180029493265694,10,2,0.0003767739930225995,0.0006870830244711573,0.4702764919068454,30,"{'xgbclassifier__colsample_bytree': 0.7475176401325057, 'xgbclassifier__gamma': 3.8864127959033237, 'xgbclassifier__learning_rate': 0.010180029493265694, 'xgbclassifier__max_depth': 10, 'xgbclassifier__min_child_weight': 2, 'xgbclassifier__reg_alpha': 0.0003767739930225995, 'xgbclassifier__reg_lambda': 0.0006870830244711573, 'xgbclassifier__subsample': 0.4702764919068454, 'xgbclassifier__n_estimators': 30}",0.29179740026893763,0.437888198757764,0.32582322357019067,0.3093471810089021,0.344849648112604,0.34194113034367973,0.051089814113333104,37,0.6158673240699238,0.6143703207062242,0.6282051282051282,0.6483216700272803,0.6191880244953505,0.6251904935007814,0.012523311156418774
0,30,26.36054072380066,0.21692751321289855,0.053199148178100585,0.005384306467119179,0.9815757995879999,3.434295518142971,0.0977651415060106,10,2,0.001051146063510628,0.00025216953900423047,0.6930263381217954,30,"{'xgbclassifier__colsample_bytree': 0.9815757995879999, 'xgbclassifier__gamma': 3.434295518142971, 'xgbclassifier__learning_rate': 0.0977651415060106, 'xgbclassifier__max_depth': 10, 'xgbclassifier__min_child_weight': 2, 'xgbclassifier__reg_alpha': 0.001051146063510628, 'xgbclassifier__reg_lambda': 0.00025216953900423047, 'xgbclassifier__subsample': 0.6930263381217954, 'xgbclassifier__n_estimators': 30}",0.2738731040375988,0.36080586080586086,0.25615763546798026,0.2705394190871369,0.34074605451936874,0.3004244147835891,0.042022342809049665,64,0.7526824744999338,0.7571238348868177,0.7751535836177474,0.7987624806637603,0.7746690323461171,0.7716782812028753,0.01629262876011815
0,30,19.729963731765746,0.14912478913209756,0.05046100616455078,0.004918384789620759,0.7727559129051416,0.21221302958441135,0.19281164561369957,9,2,0.017103644009909193,0.04522221388782687,0.8026413959888343,30,"{'xgbclassifier__colsample_bytree': 0.7727559129051416, 'xgbclassifier__gamma': 0.21221302958441135, 'xgbclassifier__learning_rate': 0.19281164561369957, 'xgbclassifier__max_depth': 9, 'xgbclassifier__min_child_weight': 2, 'xgbclassifier__reg_alpha': 0.017103644009909193, 'xgbclassifier__reg_lambda': 0.04522221388782687, 'xgbclassifier__subsample': 0.8026413959888343, 'xgbclassifier__n_estimators': 30}",0.2832292595896521,0.32068311195445914,0.25935596170583114,0.2635529608006672,0.3504023408924653,0.295444726988615,0.035002904952836554,66,0.7697529188161824,0.7913588850174215,0.8112426879726067,0.808037622915776,0.7906458797327394,0.7942075988909452,0.014834393928985966
0,30,10.722593879699707,0.23157139432463142,0.04206938743591308,0.010211757202686186,0.6000269630661709,0.35699870945167844,0.0377335526174433,7,1,0.00010291237355210348,0.001019438439245925,0.46542799465389584,30,"{'xgbclassifier__colsample_bytree': 0.6000269630661709, 'xgbclassifier__gamma': 0.35699870945167844, 'xgbclassifier__learning_rate': 0.0377335526174433, 'xgbclassifier__max_depth': 7, 'xgbclassifier__min_child_weight': 1, 'xgbclassifier__reg_alpha': 0.00010291237355210348, 'xgbclassifier__reg_lambda': 0.001019438439245925, 'xgbclassifier__subsample': 0.46542799465389584, 'xgbclassifier__n_estimators': 30}",0.3022552894675657,0.4586415601882986,0.33967517401392106,0.3152643831060858,0.3211188811188811,0.3473910575789504,0.056913613875171916,13,0.5053541605265743,0.4915484748397124,0.49543245869776475,0.5166598107774578,0.5052506439468991,0.5028491097576817,0.008780537238326006
0,30,8.935392904281617,0.04548340987526956,0.03551115989685059,0.002986536981149073,0.7597786104497248,1.150681810016904,0.04381815734660207,4,2,0.0015844489596691723,1.7045585972002637e-05,0.9185411633838407,30,"{'xgbclassifier__colsample_bytree': 0.7597786104497248, 'xgbclassifier__gamma': 1.150681810016904, 'xgbclassifier__learning_rate': 0.04381815734660207, 'xgbclassifier__max_depth': 4, 'xgbclassifier__min_child_weight': 2, 'xgbclassifier__reg_alpha': 0.0015844489596691723, 'xgbclassifier__reg_lambda': 1.7045585972002637e-05, 'xgbclassifier__subsample': 0.9185411633838407, 'xgbclassifier__n_estimators': 30}",0.28780697975010766,0.430715935334873,0.3792134831460674,0.3248388087196807,0.30646817248459957,0.34580867588706565,0.052300537562609335,20,0.4133534047640131,0.39563674140767036,0.3869471591850257,0.40682508486689295,0.409571216487643,0.40246672134224903,0.009751866439489946
0,30,18.666953802108765,0.10155367385594757,0.04494481086730957,0.010820620380045175,0.8359863884308767,5.1367923819162264,0.10033704657332329,8,2,1.4885859939164335e-05,0.003926960498761482,0.8367202109405025,30,"{'xgbclassifier__colsample_bytree': 0.8359863884308767, 'xgbclassifier__gamma': 5.1367923819162264, 'xgbclassifier__learning_rate': 0.10033704657332329, 'xgbclassifier__max_depth': 8, 'xgbclassifier__min_child_weight': 2, 'xgbclassifier__reg_alpha': 1.4885859939164335e-05, 'xgbclassifier__reg_lambda': 0.003926960498761482, 'xgbclassifier__subsample': 0.8367202109405025, 'xgbclassifier__n_estimators': 30}",0.28015234870926786,0.4157303370786517,0.30900723208415515,0.30337504740235116,0.3303153293787075,0.32771605893062666,0.0468147005522677,54,0.6250856751199452,0.6231933538181403,0.6302405498281787,0.657221097749732,0.6343724649437942,0.6340226282919581,0.012245307721739415
0,30,13.931264495849609,0.07689605920444288,0.044183778762817386,0.011347799499275424,0.8254985105545571,0.9857594905979652,0.041698878674094615,6,1,0.0008241273679679661,0.00367571619381086,0.8683026737537921,30,"{'xgbclassifier__colsample_bytree': 0.8254985105545571, 'xgbclassifier__gamma': 0.9857594905979652, 'xgbclassifier__learning_rate': 0.041698878674094615, 'xgbclassifier__max_depth': 6, 'xgbclassifier__min_child_weight': 1, 'xgbclassifier__reg_alpha': 0.0008241273679679661, 'xgbclassifier__reg_lambda': 0.00367571619381086, 'xgbclassifier__subsample': 0.8683026737537921, 'xgbclassifier__n_estimators': 30}",0.2677476764880364,0.44711842938568713,0.35349233390119256,0.3242174629324547,0.3209137884144683,0.3426979382243679,0.05908261476390286,31,0.4682770937118151,0.4522028262676642,0.4531079607415486,0.46831053746869583,0.4660684240044868,0.4615933684388421,0.007348511300580133
0,30,14.693015146255494,0.19194031156277896,0.041104364395141604,0.002901109911410852,0.8242693827704201,4.967296086862152,0.011100718833576858,8,3,0.012067555884753091,2.4512083583939346e-05,0.451820286046719,30,"{'xgbclassifier__colsample_bytree': 0.8242693827704201, 'xgbclassifier__gamma': 4.967296086862152, 'xgbclassifier__learning_rate': 0.011100718833576858, 'xgbclassifier__max_depth': 8, 'xgbclassifier__min_child_weight': 3, 'xgbclassifier__reg_alpha': 0.012067555884753091, 'xgbclassifier__reg_lambda': 2.4512083583939346e-05, 'xgbclassifier__subsample': 0.451820286046719, 'xgbclassifier__n_estimators': 30}",0.269245953414923,0.45824983299933203,0.34394299287410923,0.3170563961485557,0.3287909538996811,0.3434572258673202,0.06260510350446069,30,0.5200279692338428,0.5125667920047496,0.5151724819610557,0.5371823031063696,0.516456199661927,0.520281149193589,0.008785819601210061
0,30,19.778352165222167,0.07660426450828119,0.0740851879119873,0.021020595058639364,0.6087597013747874,5.224697726218966,0.37071191716175195,11,1,1.0285295934895559e-05,0.00013764522551016205,0.940317590896349,30,"{'xgbclassifier__colsample_bytree': 0.6087597013747874, 'xgbclassifier__gamma': 5.224697726218966, 'xgbclassifier__learning_rate': 0.37071191716175195, 'xgbclassifier__max_depth': 11, 'xgbclassifier__min_child_weight': 1, 'xgbclassifier__reg_alpha': 1.0285295934895559e-05, 'xgbclassifier__reg_lambda': 0.00013764522551016205, 'xgbclassifier__subsample': 0.940317590896349, 'xgbclassifier__n_estimators': 30}",0.2906735751295337,0.24468085106382978,0.1869688385269122,0.2485493230174081,0.33963963963963956,0.2621024454754647,0.05091283512409957,69,0.9418163837151805,0.9435270805812418,0.9438573315719947,0.9482587064676616,0.9455928559616339,0.9446104716595425,0.002182777120688679
0,30,13.096256256103516,0.3652751870370296,0.04645862579345703,0.007155467785300402,0.8872773158505862,3.8085334322208566,0.05751371645336163,6,2,0.0002442894545958133,0.03088652331769118,0.685224595121682,30,"{'xgbclassifier__colsample_bytree': 0.8872773158505862, 'xgbclassifier__gamma': 3.8085334322208566, 'xgbclassifier__learning_rate': 0.05751371645336163, 'xgbclassifier__max_depth': 6, 'xgbclassifier__min_child_weight': 2, 'xgbclassifier__reg_alpha': 0.0002442894545958133, 'xgbclassifier__reg_lambda': 0.03088652331769118, 'xgbclassifier__subsample': 0.685224595121682, 'xgbclassifier__n_estimators': 30}",0.2600981502453756,0.4401294498381877,0.34168564920273353,0.3163841807909604,0.31942598990167415,0.3355446839957863,0.05881292602361566,45,0.47666316693710037,0.4638006930785802,0.46356275303643724,0.47846889952153115,0.4753127057274523,0.47156164366022024,0.006511847588085796
0,30,8.046664190292358,0.0980366546921592,0.04961161613464356,0.017503362924714286,0.5914561647437566,0.01278519593864047,0.018095249760916057,5,1,7.334970080651783e-05,0.00029496197779972037,0.6165929632880168,30,"{'xgbclassifier__colsample_bytree': 0.5914561647437566, 'xgbclassifier__gamma': 0.01278519593864047, 'xgbclassifier__learning_rate': 0.018095249760916057, 'xgbclassifier__max_depth': 5, 'xgbclassifier__min_child_weight': 1, 'xgbclassifier__reg_alpha': 7.334970080651783e-05, 'xgbclassifier__reg_lambda': 0.00029496197779972037, 'xgbclassifier__subsample': 0.6165929632880168, 'xgbclassifier__n_estimators': 30}",0.3190153227832203,0.4551971326164874,0.3868281604844815,0.31661442006269597,0.3154590635626472,0.3586228199019065,0.05535107670144346,1,0.42338927991337305,0.4106477373558119,0.40623654061504005,0.4286245353159851,0.426640050812086,0.4191076288024592,0.008976370107914099
0,30,8.142135667800904,0.1085272108417674,0.040340423583984375,0.01217971136983752,0.6951348279458687,0.569503851735583,0.42336828726429043,5,3,1.620356230289195e-05,0.008624947483164986,0.4679484099235677,30,"{'xgbclassifier__colsample_bytree': 0.6951348279458687, 'xgbclassifier__gamma': 0.569503851735583, 'xgbclassifier__learning_rate': 0.42336828726429043, 'xgbclassifier__max_depth': 5, 'xgbclassifier__min_child_weight': 3, 'xgbclassifier__reg_alpha': 1.620356230289195e-05, 'xgbclassifier__reg_lambda': 0.008624947483164986, 'xgbclassifier__subsample': 0.4679484099235677, 'xgbclassifier__n_estimators': 30}",0.2577828397873956,0.41911764705882354,0.33241303147432355,0.2932885906040269,0.31617076326002586,0.32375457443691913,0.05386472803922649,59,0.540954378605139,0.5181325978138727,0.5188774480113063,0.5388557682250811,0.5188669598118417,0.5271374304934481,0.01044933013931056
0,30,17.12937421798706,0.14162064651723624,0.046535825729370116,0.008681245790008367,0.8429283524946708,2.342350813754506,0.0719915774025535,9,3,4.01525379834828e-05,0.007941526241803089,0.4851996369935711,30,"{'xgbclassifier__colsample_bytree': 0.8429283524946708, 'xgbclassifier__gamma': 2.342350813754506, 'xgbclassifier__learning_rate': 0.0719915774025535, 'xgbclassifier__max_depth': 9, 'xgbclassifier__min_child_weight': 3, 'xgbclassifier__reg_alpha': 4.01525379834828e-05, 'xgbclassifier__reg_lambda': 0.007941526241803089, 'xgbclassifier__subsample': 0.4851996369935711, 'xgbclassifier__n_estimators': 30}",0.2757753562447611,0.40731901352426414,0.34146341463414637,0.29508196721311475,0.32873274780426603,0.3296744998841105,0.045321731891066634,52,0.6411271541686073,0.6332990515369672,0.6461466713303019,0.6830109646421092,0.6511463844797178,0.6509460452315408,0.017082506786924304
0,30,5.440684986114502,0.13475362683455303,0.039318275451660153,0.01993566656943479,0.7746792847496546,1.3961996708632256,0.05104943361980665,3,3,0.02617951257627122,1.1540016477209555e-05,0.5094008024584658,30,"{'xgbclassifier__colsample_bytree': 0.7746792847496546, 'xgbclassifier__gamma': 1.3961996708632256, 'xgbclassifier__learning_rate': 0.05104943361980665, 'xgbclassifier__max_depth': 3, 'xgbclassifier__min_child_weight': 3, 'xgbclassifier__reg_alpha': 0.02617951257627122, 'xgbclassifier__reg_lambda': 1.1540016477209555e-05, 'xgbclassifier__subsample': 0.5094008024584658, 'xgbclassifier__n_estimators': 30}",0.29689298043728424,0.4052287581699346,0.40042598509052185,0.32242275925359437,0.30724018167245526,0.3464421329247581,0.0467738504041344,16,0.38802622498274675,0.3768510638297872,0.37281681979968545,0.3884904825143869,0.39350052984811024,0.3839370241949433,0.007781850245499628
0,30,9.890554428100586,0.24059218716040973,0.04525179862976074,0.005364892356671251,0.5092560903776973,4.010359767021996,0.4748248684864404,7,2,0.0018685686835695425,1.534430219942796e-05,0.8692093870463193,30,"{'xgbclassifier__colsample_bytree': 0.5092560903776973, 'xgbclassifier__gamma': 4.010359767021996, 'xgbclassifier__learning_rate': 0.4748248684864404, 'xgbclassifier__max_depth': 7, 'xgbclassifier__min_child_weight': 2, 'xgbclassifier__reg_alpha': 0.0018685686835695425, 'xgbclassifier__reg_lambda': 1.534430219942796e-05, 'xgbclassifier__subsample': 0.8692093870463193, 'xgbclassifier__n_estimators': 30}",0.2824043715846994,0.35655058043117743,0.2542635658914728,0.2867215041128085,0.3184176394293126,0.2996715322898941,0.03496965579295133,65,0.7335685352149484,0.6663441770468013,0.708959939340326,0.7057331303906645,0.707735297853423,0.7044682159692327,0.0215996311789605
0,30,8.372452354431152,0.17107975509926882,0.034214210510253903,0.0036344835225772597,0.9523618712832905,4.767376391688529,0.011329244650005182,3,3,0.008149119038522525,0.0007894557613212727,0.9948259346972181,30,"{'xgbclassifier__colsample_bytree': 0.9523618712832905, 'xgbclassifier__gamma': 4.767376391688529, 'xgbclassifier__learning_rate': 0.011329244650005182, 'xgbclassifier__max_depth': 3, 'xgbclassifier__min_child_weight': 3, 'xgbclassifier__reg_alpha': 0.008149119038522525, 'xgbclassifier__reg_lambda': 0.0007894557613212727, 'xgbclassifier__subsample': 0.9948259346972181, 'xgbclassifier__n_estimators': 30}",0.3388535031847134,0.38857142857142857,0.39691444600280495,0.3173164097914778,0.29948828440614056,0.3482288143913131,0.038514749709417984,10,0.3683977705034062,0.3577181765340862,0.346483704974271,0.3746735116635143,0.3701914783508712,0.3634929284052298,0.010164594731471412
0,30,20.707027101516722,0.11256716056196793,0.052893781661987306,0.003711023729052473,0.6501535153543702,2.4746974820670937,0.016402104915914435,11,3,0.000112810800336613,2.3481090181539927e-05,0.9515428094924852,30,"{'xgbclassifier__colsample_bytree': 0.6501535153543702, 'xgbclassifier__gamma': 2.4746974820670937, 'xgbclassifier__learning_rate': 0.016402104915914435, 'xgbclassifier__max_depth': 11, 'xgbclassifier__min_child_weight': 3, 'xgbclassifier__reg_alpha': 0.000112810800336613, 'xgbclassifier__reg_lambda': 2.3481090181539927e-05, 'xgbclassifier__subsample': 0.9515428094924852, 'xgbclassifier__n_estimators': 30}",0.3227438852965982,0.39464882943143814,0.31908831908831914,0.2923138191955396,0.3462664714494876,0.33501226489227653,0.0343814468807064,46,0.6895958727429062,0.6893084845512505,0.7270144628099173,0.7583423035522066,0.7230034834214939,0.717452921415555,0.025931825508799574
0,30,8.138542079925537,0.20004181516293396,0.030580949783325196,0.002371174189708106,0.7278895012233179,2.8757821193155073,0.010144996973888125,4,2,0.013072035046317295,3.169018868736829e-05,0.9922176876574167,30,"{'xgbclassifier__colsample_bytree': 0.7278895012233179, 'xgbclassifier__gamma': 2.8757821193155073, 'xgbclassifier__learning_rate': 0.010144996973888125, 'xgbclassifier__max_depth': 4, 'xgbclassifier__min_child_weight': 2, 'xgbclassifier__reg_alpha': 0.013072035046317295, 'xgbclassifier__reg_lambda': 3.169018868736829e-05, 'xgbclassifier__subsample': 0.9922176876574167, 'xgbclassifier__n_estimators': 30}",0.30429386944651277,0.42087729039422545,0.38552540013917885,0.322700526478786,0.2954779033915724,0.3457749979700551,0.04899665658225576,21,0.4006800286327845,0.3844488700320374,0.37531465692245225,0.40102031520451853,0.38378333746181165,0.38904944165072086,0.01015986014930643
0,30,13.606762742996215,0.17453526909199762,0.04495687484741211,0.005093884631392765,0.5925215658609305,5.637702253783703,0.031912102669759565,9,3,0.0011843813474577765,1.9411649867673436e-05,0.7261079269448363,30,"{'xgbclassifier__colsample_bytree': 0.5925215658609305, 'xgbclassifier__gamma': 5.637702253783703, 'xgbclassifier__learning_rate': 0.031912102669759565, 'xgbclassifier__max_depth': 9, 'xgbclassifier__min_child_weight': 3, 'xgbclassifier__reg_alpha': 0.0011843813474577765, 'xgbclassifier__reg_lambda': 1.9411649867673436e-05, 'xgbclassifier__subsample': 0.7261079269448363, 'xgbclassifier__n_estimators': 30}",0.32484588582149554,0.4304381245196003,0.3427518427518428,0.3042998897464168,0.33971742543171113,0.3484106336542133,0.04321378972010314,9,0.5989422653151167,0.5958241758241759,0.6173992256889091,0.6410743998098407,0.6186605609616486,0.6143801255199383,0.01626451456441754
0,30,12.310488557815551,0.5376857043588091,0.04185633659362793,0.014028751282529757,0.8688261208949433,4.1873569419007755,0.23528040066053366,5,3,9.001112616229124e-05,0.00012900705617546984,0.9311323802469925,30,"{'xgbclassifier__colsample_bytree': 0.8688261208949433, 'xgbclassifier__gamma': 4.1873569419007755, 'xgbclassifier__learning_rate': 0.23528040066053366, 'xgbclassifier__max_depth': 5, 'xgbclassifier__min_child_weight': 3, 'xgbclassifier__reg_alpha': 9.001112616229124e-05, 'xgbclassifier__reg_lambda': 0.00012900705617546984, 'xgbclassifier__subsample': 0.9311323802469925, 'xgbclassifier__n_estimators': 30}",0.2536139066788655,0.4570655848546315,0.33610822060353795,0.302416721097322,0.32034853921066125,0.3339105944890037,0.06752086002171484,48,0.5037593984962406,0.48148504376262385,0.48534921702372946,0.5068931068931068,0.4910879516898802,0.4937149435731162,0.010010114680855643
0,30,22.277994632720947,0.09060903176945155,0.06073803901672363,0.009159874102106225,0.6795297735586336,2.767078989722375,0.06805130500981214,11,2,2.2647504780394772e-05,1.1608945305565467e-05,0.7327180185246633,30,"{'xgbclassifier__colsample_bytree': 0.6795297735586336, 'xgbclassifier__gamma': 2.767078989722375, 'xgbclassifier__learning_rate': 0.06805130500981214, 'xgbclassifier__max_depth': 11, 'xgbclassifier__min_child_weight': 2, 'xgbclassifier__reg_alpha': 2.2647504780394772e-05, 'xgbclassifier__reg_lambda': 1.1608945305565467e-05, 'xgbclassifier__subsample': 0.7327180185246633, 'xgbclassifier__n_estimators': 30}",0.3154840411500923,0.34200743494423785,0.2593800978792822,0.278083933870284,0.35569183595247217,0.3101294687592737,0.03666938894735627,63,0.7636802575107295,0.7788264259335248,0.8077796706416809,0.8284591881274552,0.801295592170117,0.7960082268767016,0.022626974579621446
0,30,9.240742206573486,0.09931170792948528,0.03722333908081055,0.004284011968673173,0.5227483452477455,0.1483288404944163,0.15705564897194157,6,1,0.004399693100174773,0.0002691684481522174,0.6229109064837899,30,"{'xgbclassifier__colsample_bytree': 0.5227483452477455, 'xgbclassifier__gamma': 0.1483288404944163, 'xgbclassifier__learning_rate': 0.15705564897194157, 'xgbclassifier__max_depth': 6, 'xgbclassifier__min_child_weight': 1, 'xgbclassifier__reg_alpha': 0.004399693100174773, 'xgbclassifier__reg_lambda': 0.0002691684481522174, 'xgbclassifier__subsample': 0.6229109064837899, 'xgbclassifier__n_estimators': 30}",0.28054679284963197,0.4455239417071478,0.3221476510067114,0.3145762711864407,0.32010582010582006,0.33658009537115036,0.056519656970918604,43,0.5267956640664574,0.5124378109452736,0.5184144505770195,0.5274974253347064,0.5210712481051035,0.5212433198057121,0.005576942869208602
0,30,22.33582196235657,0.09716984686732659,0.04723515510559082,0.0059091440803360415,0.8073591097327554,1.1635898465920427,0.13067473893283987,10,3,0.00014356040633150513,1.195726811513744e-05,0.7870693407738952,30,"{'xgbclassifier__colsample_bytree': 0.8073591097327554, 'xgbclassifier__gamma': 1.1635898465920427, 'xgbclassifier__learning_rate': 0.13067473893283987, 'xgbclassifier__max_depth': 10, 'xgbclassifier__min_child_weight': 3, 'xgbclassifier__reg_alpha': 0.00014356040633150513, 'xgbclassifier__reg_lambda': 1.195726811513744e-05, 'xgbclassifier__subsample': 0.7870693407738952, 'xgbclassifier__n_estimators': 30}",0.2875729026469268,0.32504780114722753,0.24623115577889448,0.2774914089347079,0.33032355154251314,0.29333336401005394,0.03123090768002462,67,0.7823213548120611,0.7949254147497562,0.8042986425339367,0.8320186970493718,0.7980364656381487,0.802320114956655,0.016485763553119096
0,30,10.495457220077515,0.30226835724024703,0.03834843635559082,0.0014594757205367264,0.6188173487535069,0.3512480488601699,0.08915312804593035,7,3,6.958844834290097e-05,0.005565108200678302,0.49659951186705703,30,"{'xgbclassifier__colsample_bytree': 0.6188173487535069, 'xgbclassifier__gamma': 0.3512480488601699, 'xgbclassifier__learning_rate': 0.08915312804593035, 'xgbclassifier__max_depth': 7, 'xgbclassifier__min_child_weight': 3, 'xgbclassifier__reg_alpha': 6.958844834290097e-05, 'xgbclassifier__reg_lambda': 0.005565108200678302, 'xgbclassifier__subsample': 0.49659951186705703, 'xgbclassifier__n_estimators': 30}",0.288257000217061,0.44225352112676053,0.3387180823345493,0.31797713889851054,0.3251287922152261,0.3424669069584215,0.05255567524944371,32,0.5462106248050732,0.526874043855176,0.5317589576547231,0.5562913907284768,0.534953155564707,0.5392176345216313,0.010645157923066343
0,30,7.865802240371704,0.2802843882242039,0.03472957611083984,0.00593682998578483,0.7809946823047109,1.7889338296428459,0.09066578630092473,4,2,0.0002677974811228078,0.0034794337781392255,0.6231284224169764,30,"{'xgbclassifier__colsample_bytree': 0.7809946823047109, 'xgbclassifier__gamma': 1.7889338296428459, 'xgbclassifier__learning_rate': 0.09066578630092473, 'xgbclassifier__max_depth': 4, 'xgbclassifier__min_child_weight': 2, 'xgbclassifier__reg_alpha': 0.0002677974811228078, 'xgbclassifier__reg_lambda': 0.0034794337781392255, 'xgbclassifier__subsample': 0.6231284224169764, 'xgbclassifier__n_estimators': 30}",0.27471425706837777,0.45357142857142857,0.3805970149253731,0.32765151515151514,0.30972078593588415,0.34925100033051576,0.06237022700865811,3,0.424595005817596,0.4102786700234395,0.40186757215619695,0.4196363636363636,0.42158247968915574,0.41559201826455033,0.00836526428702525
0,30,12.358913230895997,0.024261957797394915,0.0411719799041748,0.0070818134374165415,0.6288135659467576,2.1539676264664305,0.2180400639720146,7,1,0.0009115319236011505,0.00045716378231242113,0.8940793721177458,30,"{'xgbclassifier__colsample_bytree': 0.6288135659467576, 'xgbclassifier__gamma': 2.1539676264664305, 'xgbclassifier__learning_rate': 0.2180400639720146, 'xgbclassifier__max_depth': 7, 'xgbclassifier__min_child_weight': 1, 'xgbclassifier__reg_alpha': 0.0009115319236011505, 'xgbclassifier__reg_lambda': 0.00045716378231242113, 'xgbclassifier__subsample': 0.8940793721177458, 'xgbclassifier__n_estimators': 30}",0.2823884457857297,0.387987012987013,0.2942675159235669,0.29017047515415306,0.32234871180347513,0.31543243233078755,0.038704075520941614,62,0.6240274599542334,0.6147048827461199,0.6220758573699751,0.6402346041055719,0.6282758620689655,0.6258637332489732,0.008421165506673933
0,30,14.640486145019532,0.06242032708971367,0.05517892837524414,0.02197232282902151,0.528870891924377,4.293797300395133,0.32925357470309535,10,2,2.801929532375568e-05,0.05874821595821813,0.7467074595487796,30,"{'xgbclassifier__colsample_bytree': 0.528870891924377, 'xgbclassifier__gamma': 4.293797300395133, 'xgbclassifier__learning_rate': 0.32925357470309535, 'xgbclassifier__max_depth': 10, 'xgbclassifier__min_child_weight': 2, 'xgbclassifier__reg_alpha': 2.801929532375568e-05, 'xgbclassifier__reg_lambda': 0.05874821595821813, 'xgbclassifier__subsample': 0.7467074595487796, 'xgbclassifier__n_estimators': 30}",0.3080495356037152,0.2888229475766567,0.21785714285714286,0.2540834845735027,0.33061065733177747,0.279884753588559,0.03989835471327556,68,0.8790397045244691,0.8585630366018978,0.8843179709248374,0.9020537124802528,0.8962160464751139,0.8840380942013141,0.015145334684918082
0,30,9.063810920715332,0.5260439885126088,0.035004281997680665,0.007330554433764644,0.7118859818214903,3.098597170024959,0.06908688381319471,6,3,0.0012360611548498568,0.0016034120482673509,0.5061949522390918,30,"{'xgbclassifier__colsample_bytree': 0.7118859818214903, 'xgbclassifier__gamma': 3.098597170024959, 'xgbclassifier__learning_rate': 0.06908688381319471, 'xgbclassifier__max_depth': 6, 'xgbclassifier__min_child_weight': 3, 'xgbclassifier__reg_alpha': 0.0012360611548498568, 'xgbclassifier__reg_lambda': 0.0016034120482673509, 'xgbclassifier__subsample': 0.5061949522390918, 'xgbclassifier__n_estimators': 30}",0.278639017515603,0.46741277156023703,0.35688405797101447,0.3197099538562953,0.3224261771747805,0.34901439561558606,0.06418486507162663,6,0.4808408982322026,0.46140970801562214,0.46896294221973295,0.48055366020079937,0.4765884699401653,0.4736711357217045,0.00748057714415108
0,30,12.786157655715943,0.7251446620646086,0.033201169967651364,0.0024050478174192716,0.7204603206344994,1.5699232642600034,0.07027693122828632,10,2,0.00011308517387823626,1.1593572436617658e-05,0.7525593872933799,30,"{'xgbclassifier__colsample_bytree': 0.7204603206344994, 'xgbclassifier__gamma': 1.5699232642600034, 'xgbclassifier__learning_rate': 0.07027693122828632, 'xgbclassifier__max_depth': 10, 'xgbclassifier__min_child_weight': 2, 'xgbclassifier__reg_alpha': 0.00011308517387823626, 'xgbclassifier__reg_lambda': 1.1593572436617658e-05, 'xgbclassifier__subsample': 0.7525593872933799, 'xgbclassifier__n_estimators': 30}",0.2988172821626841,0.36971830985915494,0.27514792899408286,0.29629629629629634,0.343622164373373,0.31672039633711824,0.034636452941298156,61,0.7241732889002819,0.7211905367590945,0.7553361792956244,0.7720157887573159,0.7529568106312293,0.7451345208687092,0.019496421393491756
1,60,43.48020362854004,0.10200709293920311,0.08049683570861817,0.002945303564808496,0.6501535153543702,2.4746974820670937,0.016402104915914435,11,3,0.000112810800336613,2.3481090181539927e-05,0.9515428094924852,60,"{'xgbclassifier__colsample_bytree': 0.6501535153543702, 'xgbclassifier__gamma': 2.4746974820670937, 'xgbclassifier__learning_rate': 0.016402104915914435, 'xgbclassifier__max_depth': 11, 'xgbclassifier__min_child_weight': 3, 'xgbclassifier__reg_alpha': 0.000112810800336613, 'xgbclassifier__reg_lambda': 2.3481090181539927e-05, 'xgbclassifier__subsample': 0.9515428094924852, 'xgbclassifier__n_estimators': 60}",0.3168735146554001,0.37238873751135326,0.2995245641838352,0.28315703824247357,0.34856300663227713,0.32410137224506785,0.03244299957767269,57,0.730281872252392,0.7339831059129305,0.7800247626908791,0.79205149734117,0.7473516949152542,0.7567385866225251,0.024880237269049237
1,60,27.691984748840333,0.04280451329168026,0.04700560569763183,0.004230915693287948,0.8872773158505862,3.8085334322208566,0.05751371645336163,6,2,0.0002442894545958133,0.03088652331769118,0.685224595121682,60,"{'xgbclassifier__colsample_bytree': 0.8872773158505862, 'xgbclassifier__gamma': 3.8085334322208566, 'xgbclassifier__learning_rate': 0.05751371645336163, 'xgbclassifier__max_depth': 6, 'xgbclassifier__min_child_weight': 2, 'xgbclassifier__reg_alpha': 0.0002442894545958133, 'xgbclassifier__reg_lambda': 0.03088652331769118, 'xgbclassifier__subsample': 0.685224595121682, 'xgbclassifier__n_estimators': 60}",0.26312796208530803,0.468371467025572,0.3295803480040942,0.3083083083083083,0.3178355660625164,0.3374447302971598,0.06922440515446873,41,0.5086878370281606,0.4976104554764459,0.5004849660523764,0.5160040774719674,0.5129533678756476,0.5071481407809196,0.007069148170200566
1,60,16.931014633178712,0.9039304740379825,0.05803098678588867,0.022539969894752977,0.5227483452477455,0.1483288404944163,0.15705564897194157,6,1,0.004399693100174773,0.0002691684481522174,0.6229109064837899,60,"{'xgbclassifier__colsample_bytree': 0.5227483452477455, 'xgbclassifier__gamma': 0.1483288404944163, 'xgbclassifier__learning_rate': 0.15705564897194157, 'xgbclassifier__max_depth': 6, 'xgbclassifier__min_child_weight': 1, 'xgbclassifier__reg_alpha': 0.004399693100174773, 'xgbclassifier__reg_lambda': 0.0002691684481522174, 'xgbclassifier__subsample': 0.6229109064837899, 'xgbclassifier__n_estimators': 60}",0.2682975736915982,0.42194744976816073,0.29506093649775494,0.31353591160220995,0.3201293451899757,0.32379424334993995,0.05226509359941143,58,0.5908289241622575,0.5794799260145795,0.5859468910501584,0.5982752827864263,0.5901603095632947,0.5889382667153432,0.006175052722000807
1,60,33.519213914871216,0.13590208709969093,0.08853654861450196,0.008425975862371773,0.7475176401325057,3.8864127959033237,0.010180029493265694,10,2,0.0003767739930225995,0.0006870830244711573,0.4702764919068454,60,"{'xgbclassifier__colsample_bytree': 0.7475176401325057, 'xgbclassifier__gamma': 3.8864127959033237, 'xgbclassifier__learning_rate': 0.010180029493265694, 'xgbclassifier__max_depth': 10, 'xgbclassifier__min_child_weight': 2, 'xgbclassifier__reg_alpha': 0.0003767739930225995, 'xgbclassifier__reg_lambda': 0.0006870830244711573, 'xgbclassifier__subsample': 0.4702764919068454, 'xgbclassifier__n_estimators': 60}",0.28906759400130405,0.4229848363926576,0.3386897404202719,0.3015454202789295,0.3434473854099419,0.339146995300621,0.046838682549152584,40,0.6331612162937464,0.6370523415977962,0.6495947374603547,0.6680372475510944,0.6425075739920765,0.6460706233790136,0.012293327263910993
1,60,19.437462759017944,0.10936646294441699,0.052466821670532224,0.003757564909744435,0.6188173487535069,0.3512480488601699,0.08915312804593035,7,3,6.958844834290097e-05,0.005565108200678302,0.49659951186705703,60,"{'xgbclassifier__colsample_bytree': 0.6188173487535069, 'xgbclassifier__gamma': 0.3512480488601699, 'xgbclassifier__learning_rate': 0.08915312804593035, 'xgbclassifier__max_depth': 7, 'xgbclassifier__min_child_weight': 3, 'xgbclassifier__reg_alpha': 6.958844834290097e-05, 'xgbclassifier__reg_lambda': 0.005565108200678302, 'xgbclassifier__subsample': 0.49659951186705703, 'xgbclassifier__n_estimators': 60}",0.2735868034600684,0.42687747035573126,0.3267326732673267,0.3095840867992767,0.3325648414985591,0.33386917507619246,0.05084663956494595,49,0.6039515042658284,0.5875233799097811,0.5956929872998343,0.6152610441767068,0.5968063872255489,0.5998470605755399,0.009303896740792702
1,60,25.225801610946654,0.41678450318853744,0.043476009368896486,0.0015153215800471187,0.8254985105545571,0.9857594905979652,0.041698878674094615,6,1,0.0008241273679679661,0.00367571619381086,0.8683026737537921,60,"{'xgbclassifier__colsample_bytree': 0.8254985105545571, 'xgbclassifier__gamma': 0.9857594905979652, 'xgbclassifier__learning_rate': 0.041698878674094615, 'xgbclassifier__max_depth': 6, 'xgbclassifier__min_child_weight': 1, 'xgbclassifier__reg_alpha': 0.0008241273679679661, 'xgbclassifier__reg_lambda': 0.00367571619381086, 'xgbclassifier__subsample': 0.8683026737537921, 'xgbclassifier__n_estimators': 60}",0.2627151051625239,0.4657718120805369,0.3465104929233772,0.32581622349377315,0.3217835079237174,0.3445194283167857,0.06673047900346289,26,0.4934101337498779,0.480969188209482,0.48542024013722124,0.4973660669913527,0.49809029478013905,0.4910511847736146,0.006757893748761972
1,60,26.608341693878174,0.04472260499051365,0.05532746315002442,0.0013953886471274606,0.8242693827704201,4.967296086862152,0.011100718833576858,8,3,0.012067555884753091,2.4512083583939346e-05,0.451820286046719,60,"{'xgbclassifier__colsample_bytree': 0.8242693827704201, 'xgbclassifier__gamma': 4.967296086862152, 'xgbclassifier__learning_rate': 0.011100718833576858, 'xgbclassifier__max_depth': 8, 'xgbclassifier__min_child_weight': 3, 'xgbclassifier__reg_alpha': 0.012067555884753091, 'xgbclassifier__reg_lambda': 2.4512083583939346e-05, 'xgbclassifier__subsample': 0.451820286046719, 'xgbclassifier__n_estimators': 60}",0.27048371174728525,0.45801526717557256,0.3441074092491298,0.3128919860627178,0.3253833049403748,0.34217633583501605,0.06277228438642682,35,0.5323403387063864,0.5278900565885206,0.5287033319951827,0.5545231229306846,0.535030549898167,0.5356974800237883,0.009756987156074955
1,60,14.907168817520141,0.09759041907542745,0.037225532531738284,0.0029030454387384205,0.7278895012233179,2.8757821193155073,0.010144996973888125,4,2,0.013072035046317295,3.169018868736829e-05,0.9922176876574167,60,"{'xgbclassifier__colsample_bytree': 0.7278895012233179, 'xgbclassifier__gamma': 2.8757821193155073, 'xgbclassifier__learning_rate': 0.010144996973888125, 'xgbclassifier__max_depth': 4, 'xgbclassifier__min_child_weight': 2, 'xgbclassifier__reg_alpha': 0.013072035046317295, 'xgbclassifier__reg_lambda': 3.169018868736829e-05, 'xgbclassifier__subsample': 0.9922176876574167, 'xgbclassifier__n_estimators': 60}",0.2914572864321608,0.4096650192202087,0.38923829489867223,0.32386895475819033,0.30412371134020616,0.34367065332988767,0.0471465160054548,29,0.3992963940193492,0.383261035978566,0.37692245097241434,0.40674548620658046,0.3993127147766323,0.39310761639070846,0.011150878288823385
1,60,15.537269449234008,0.1159699399506693,0.054746484756469725,0.02129531452179227,0.7597786104497248,1.150681810016904,0.04381815734660207,4,2,0.0015844489596691723,1.7045585972002637e-05,0.9185411633838407,60,"{'xgbclassifier__colsample_bytree': 0.7597786104497248, 'xgbclassifier__gamma': 1.150681810016904, 'xgbclassifier__learning_rate': 0.04381815734660207, 'xgbclassifier__max_depth': 4, 'xgbclassifier__min_child_weight': 2, 'xgbclassifier__reg_alpha': 0.0015844489596691723, 'xgbclassifier__reg_lambda': 1.7045585972002637e-05, 'xgbclassifier__subsample': 0.9185411633838407, 'xgbclassifier__n_estimators': 60}",0.2647909038350356,0.4524669073405535,0.3857677902621723,0.3233532934131737,0.30526055816250924,0.34632789060268887,0.06585383007867043,17,0.4278571428571429,0.40840423684667476,0.401522198731501,0.4201998379692142,0.42283185840707965,0.4161630549623225,0.00971672967458297
1,60,9.829900455474853,0.09478559540507706,0.03542318344116211,0.0035917158881466245,0.7746792847496546,1.3961996708632256,0.05104943361980665,3,3,0.02617951257627122,1.1540016477209555e-05,0.5094008024584658,60,"{'xgbclassifier__colsample_bytree': 0.7746792847496546, 'xgbclassifier__gamma': 1.3961996708632256, 'xgbclassifier__learning_rate': 0.05104943361980665, 'xgbclassifier__max_depth': 3, 'xgbclassifier__min_child_weight': 3, 'xgbclassifier__reg_alpha': 0.02617951257627122, 'xgbclassifier__reg_lambda': 1.1540016477209555e-05, 'xgbclassifier__subsample': 0.5094008024584658, 'xgbclassifier__n_estimators': 60}",0.2758341759352882,0.42972350230414746,0.40493468795355586,0.32731798382078403,0.3025210084033613,0.3480662716834274,0.059370460995966795,11,0.40476811972505,0.3881313780979333,0.38580375782881005,0.40452816839126204,0.40944046671970297,0.39853437815255166,0.009633472138502868
1,60,18.607497215270996,0.1413755737754022,0.05294804573059082,0.008752600476518725,0.6000269630661709,0.35699870945167844,0.0377335526174433,7,1,0.00010291237355210348,0.001019438439245925,0.46542799465389584,60,"{'xgbclassifier__colsample_bytree': 0.6000269630661709, 'xgbclassifier__gamma': 0.35699870945167844, 'xgbclassifier__learning_rate': 0.0377335526174433, 'xgbclassifier__max_depth': 7, 'xgbclassifier__min_child_weight': 1, 'xgbclassifier__reg_alpha': 0.00010291237355210348, 'xgbclassifier__reg_lambda': 0.001019438439245925, 'xgbclassifier__subsample': 0.46542799465389584, 'xgbclassifier__n_estimators': 60}",0.28716216216216217,0.4650499286733238,0.34500784108729743,0.3091721058055651,0.3236929922135707,0.3460170059883838,0.06243341412901483,18,0.5431613770288432,0.5289914250714577,0.5330337996528132,0.5531001930916113,0.536826903239117,0.5390227396167685,0.008445346490952644
1,60,14.693026685714722,0.10576288801279435,0.036147546768188474,0.0021692945199929883,0.9523618712832905,4.767376391688529,0.011329244650005182,3,3,0.008149119038522525,0.0007894557613212727,0.9948259346972181,60,"{'xgbclassifier__colsample_bytree': 0.9523618712832905, 'xgbclassifier__gamma': 4.767376391688529, 'xgbclassifier__learning_rate': 0.011329244650005182, 'xgbclassifier__max_depth': 3, 'xgbclassifier__min_child_weight': 3, 'xgbclassifier__reg_alpha': 0.008149119038522525, 'xgbclassifier__reg_lambda': 0.0007894557613212727, 'xgbclassifier__subsample': 0.9948259346972181, 'xgbclassifier__n_estimators': 60}",0.33124813821864757,0.3900106269925611,0.38210561722166164,0.3188317614846365,0.3013477088948787,0.34470877056247706,0.03516183222448504,24,0.36621644725594116,0.3629435176560251,0.34873623817646143,0.3778985507246377,0.3780918727915194,0.36677732532091695,0.010882960348304795
1,60,26.98287363052368,0.5692260716625871,0.08349804878234864,0.018115886375548836,0.5925215658609305,5.637702253783703,0.031912102669759565,9,3,0.0011843813474577765,1.9411649867673436e-05,0.7261079269448363,60,"{'xgbclassifier__colsample_bytree': 0.5925215658609305, 'xgbclassifier__gamma': 5.637702253783703, 'xgbclassifier__learning_rate': 0.031912102669759565, 'xgbclassifier__max_depth': 9, 'xgbclassifier__min_child_weight': 3, 'xgbclassifier__reg_alpha': 0.0011843813474577765, 'xgbclassifier__reg_lambda': 1.9411649867673436e-05, 'xgbclassifier__subsample': 0.7261079269448363, 'xgbclassifier__n_estimators': 60}",0.30787704130643617,0.402972749793559,0.320109439124487,0.28981132075471694,0.33892936331960727,0.3319399828597613,0.03895719833231256,51,0.6505655042412818,0.6466729147141518,0.6680327868852458,0.6897928624906413,0.6632984482136414,0.6636725033089924,0.015246013189111807
1,60,18.279238319396974,0.09051115162124833,0.04441127777099609,0.003135396598315217,0.6774063298099378,0.004062442694274804,0.04594872151884791,5,2,0.023460933406135653,2.5502152173721385e-05,0.9566854934346185,60,"{'xgbclassifier__colsample_bytree': 0.6774063298099378, 'xgbclassifier__gamma': 0.004062442694274804, 'xgbclassifier__learning_rate': 0.04594872151884791, 'xgbclassifier__max_depth': 5, 'xgbclassifier__min_child_weight': 2, 'xgbclassifier__reg_alpha': 0.023460933406135653, 'xgbclassifier__reg_lambda': 2.5502152173721385e-05, 'xgbclassifier__subsample': 0.9566854934346185, 'xgbclassifier__n_estimators': 60}",0.27283511269276395,0.4568854568854569,0.3677685950413223,0.32491909385113266,0.3172029389409678,0.34792223948232875,0.062253927297814746,12,0.4570152586527727,0.44203229043145126,0.43817826009606836,0.4511771878810618,0.45649152071170424,0.44897890355461173,0.007625801030634561
1,60,19.84945616722107,0.8891303756210986,0.050357627868652347,0.01360999742379865,0.7118859818214903,3.098597170024959,0.06908688381319471,6,3,0.0012360611548498568,0.0016034120482673509,0.5061949522390918,60,"{'xgbclassifier__colsample_bytree': 0.7118859818214903, 'xgbclassifier__gamma': 3.098597170024959, 'xgbclassifier__learning_rate': 0.06908688381319471, 'xgbclassifier__max_depth': 6, 'xgbclassifier__min_child_weight': 3, 'xgbclassifier__reg_alpha': 0.0012360611548498568, 'xgbclassifier__reg_lambda': 0.0016034120482673509, 'xgbclassifier__subsample': 0.5061949522390918, 'xgbclassifier__n_estimators': 60}",0.2673343605546995,0.4695290858725762,0.34983853606027987,0.31239388794567063,0.3239399525941533,0.3446071646054759,0.06792461814646225,25,0.5170027083960276,0.49872972444791874,0.5058511161372801,0.521596724667349,0.5187487467415279,0.5123858040780206,0.008669885354145914
1,60,16.386730003356934,0.0827408709435192,0.04230132102966309,0.011908282177277494,0.7809946823047109,1.7889338296428459,0.09066578630092473,4,2,0.0002677974811228078,0.0034794337781392255,0.6231284224169764,60,"{'xgbclassifier__colsample_bytree': 0.7809946823047109, 'xgbclassifier__gamma': 1.7889338296428459, 'xgbclassifier__learning_rate': 0.09066578630092473, 'xgbclassifier__max_depth': 4, 'xgbclassifier__min_child_weight': 2, 'xgbclassifier__reg_alpha': 0.0002677974811228078, 'xgbclassifier__reg_lambda': 0.0034794337781392255, 'xgbclassifier__subsample': 0.6231284224169764, 'xgbclassifier__n_estimators': 60}",0.262528047868362,0.4659949622166247,0.37046632124352336,0.3250883392226149,0.31200000000000006,0.347215534110225,0.06863070532324399,14,0.44975988178795717,0.43439971243709563,0.4317718940936864,0.4411115200588885,0.4444444444444444,0.4402974905644144,0.006555399304224249
1,60,12.948754119873048,2.080765152481407,0.026387357711791994,0.0008445683237255481,0.5914561647437566,0.01278519593864047,0.018095249760916057,5,1,7.334970080651783e-05,0.00029496197779972037,0.6165929632880168,60,"{'xgbclassifier__colsample_bytree': 0.5914561647437566, 'xgbclassifier__gamma': 0.01278519593864047, 'xgbclassifier__learning_rate': 0.018095249760916057, 'xgbclassifier__max_depth': 5, 'xgbclassifier__min_child_weight': 1, 'xgbclassifier__reg_alpha': 7.334970080651783e-05, 'xgbclassifier__reg_lambda': 0.00029496197779972037, 'xgbclassifier__subsample': 0.6165929632880168, 'xgbclassifier__n_estimators': 60}",0.30207394048692515,0.45766871165644174,0.37867078825347755,0.3132911392405064,0.31342521694742215,0.3530259593169546,0.05890831149158536,2,0.4345444586452438,0.41968865292900204,0.4171253822629969,0.43723024957778195,0.4358481938728852,0.42888738745758204,0.00863736200300767
2,120,51.08967299461365,0.08270370389775596,0.07791728973388672,0.035761977173349495,0.8254985105545571,0.9857594905979652,0.041698878674094615,6,1,0.0008241273679679661,0.00367571619381086,0.8683026737537921,120,"{'xgbclassifier__colsample_bytree': 0.8254985105545571, 'xgbclassifier__gamma': 0.9857594905979652, 'xgbclassifier__learning_rate': 0.041698878674094615, 'xgbclassifier__max_depth': 6, 'xgbclassifier__min_child_weight': 1, 'xgbclassifier__reg_alpha': 0.0008241273679679661, 'xgbclassifier__reg_lambda': 0.00367571619381086, 'xgbclassifier__subsample': 0.8683026737537921, 'xgbclassifier__n_estimators': 120}",0.26569678407350683,0.4680545585068198,0.33047455688965127,0.3131381892443839,0.3227848101265822,0.34002977976818877,0.06786396263573104,39,0.5429287654063087,0.5233663766943152,0.5321381277375979,0.5457406630297944,0.5370083617218953,0.5362364589179823,0.007976816793426234
2,120,37.289377784729005,0.09241244685966131,0.06392745971679688,0.0027367361671725805,0.7118859818214903,3.098597170024959,0.06908688381319471,6,3,0.0012360611548498568,0.0016034120482673509,0.5061949522390918,120,"{'xgbclassifier__colsample_bytree': 0.7118859818214903, 'xgbclassifier__gamma': 3.098597170024959, 'xgbclassifier__learning_rate': 0.06908688381319471, 'xgbclassifier__max_depth': 6, 'xgbclassifier__min_child_weight': 3, 'xgbclassifier__reg_alpha': 0.0012360611548498568, 'xgbclassifier__reg_lambda': 0.0016034120482673509, 'xgbclassifier__subsample': 0.5061949522390918, 'xgbclassifier__n_estimators': 120}",0.26275992438563334,0.4564063684609552,0.3291770573566085,0.3015983321751216,0.32481849959666576,0.3349520363949969,0.06513273270803928,47,0.5820813685711153,0.5553792446842272,0.5671355498721228,0.5872331010067486,0.5764144808150877,0.5736487489898604,0.011309195511359973
2,120,29.943276500701906,0.16652222607446288,0.041471338272094725,0.0005489787622059597,0.9523618712832905,4.767376391688529,0.011329244650005182,3,3,0.008149119038522525,0.0007894557613212727,0.9948259346972181,120,"{'xgbclassifier__colsample_bytree': 0.9523618712832905, 'xgbclassifier__gamma': 4.767376391688529, 'xgbclassifier__learning_rate': 0.011329244650005182, 'xgbclassifier__max_depth': 3, 'xgbclassifier__min_child_weight': 3, 'xgbclassifier__reg_alpha': 0.008149119038522525, 'xgbclassifier__reg_lambda': 0.0007894557613212727, 'xgbclassifier__subsample': 0.9948259346972181, 'xgbclassifier__n_estimators': 120}",0.306158065320369,0.39652362846279193,0.404225352112676,0.31597738768223743,0.3046604527296938,0.3455089772615536,0.045031807254329745,23,0.3762930303544175,0.3725873650199813,0.366083009079118,0.38752744839701364,0.38583509513742076,0.37766518959759027,0.008072490745100042
2,120,39.011186075210574,0.8391813484143575,0.08099727630615235,0.00710677617381828,0.6000269630661709,0.35699870945167844,0.0377335526174433,7,1,0.00010291237355210348,0.001019438439245925,0.46542799465389584,120,"{'xgbclassifier__colsample_bytree': 0.6000269630661709, 'xgbclassifier__gamma': 0.35699870945167844, 'xgbclassifier__learning_rate': 0.0377335526174433, 'xgbclassifier__max_depth': 7, 'xgbclassifier__min_child_weight': 1, 'xgbclassifier__reg_alpha': 0.00010291237355210348, 'xgbclassifier__reg_lambda': 0.001019438439245925, 'xgbclassifier__subsample': 0.46542799465389584, 'xgbclassifier__n_estimators': 120}",0.27504517165227865,0.4419889502762431,0.31645569620253167,0.296875,0.32972522897585343,0.3320180094213814,0.05800342338526626,50,0.6019872725242827,0.5863427445830598,0.5934259872049416,0.613175290631411,0.5946965494286032,0.5979255688744596,0.009098198399147444
2,120,34.07959160804749,0.054583913250986875,0.05165939331054688,0.005657593029678823,0.7597786104497248,1.150681810016904,0.04381815734660207,4,2,0.0015844489596691723,1.7045585972002637e-05,0.9185411633838407,120,"{'xgbclassifier__colsample_bytree': 0.7597786104497248, 'xgbclassifier__gamma': 1.150681810016904, 'xgbclassifier__learning_rate': 0.04381815734660207, 'xgbclassifier__max_depth': 4, 'xgbclassifier__min_child_weight': 2, 'xgbclassifier__reg_alpha': 0.0015844489596691723, 'xgbclassifier__reg_lambda': 1.7045585972002637e-05, 'xgbclassifier__subsample': 0.9185411633838407, 'xgbclassifier__n_estimators': 120}",0.26088574618533683,0.4804539722572509,0.36572438162544174,0.3220069863448714,0.3055623026475589,0.34692667781209197,0.07472340530419135,15,0.44996320824135394,0.43375451263537906,0.42997782705099785,0.44190546392702484,0.44387801547564854,0.43989580546608076,0.0071739960385269605
2,120,31.042103052139282,0.4585567828576658,0.049416112899780276,0.0023752659567008883,0.7809946823047109,1.7889338296428459,0.09066578630092473,4,2,0.0002677974811228078,0.0034794337781392255,0.6231284224169764,120,"{'xgbclassifier__colsample_bytree': 0.7809946823047109, 'xgbclassifier__gamma': 1.7889338296428459, 'xgbclassifier__learning_rate': 0.09066578630092473, 'xgbclassifier__max_depth': 4, 'xgbclassifier__min_child_weight': 2, 'xgbclassifier__reg_alpha': 0.0002677974811228078, 'xgbclassifier__reg_lambda': 0.0034794337781392255, 'xgbclassifier__subsample': 0.6231284224169764, 'xgbclassifier__n_estimators': 120}",0.2573569731310546,0.47457627118644063,0.3485967503692762,0.3167098445595855,0.3131163708086785,0.34207124201100714,0.07246827915027874,36,0.4872444011684518,0.4685519720041615,0.46754468485418627,0.4759141033081834,0.47992351816443596,0.4758357358998838,0.0073303273110317604
2,120,37.04354348182678,0.8039308691837493,0.05081973075866699,0.002664276754503881,0.6774063298099378,0.004062442694274804,0.04594872151884791,5,2,0.023460933406135653,2.5502152173721385e-05,0.9566854934346185,120,"{'xgbclassifier__colsample_bytree': 0.6774063298099378, 'xgbclassifier__gamma': 0.004062442694274804, 'xgbclassifier__learning_rate': 0.04594872151884791, 'xgbclassifier__max_depth': 5, 'xgbclassifier__min_child_weight': 2, 'xgbclassifier__reg_alpha': 0.023460933406135653, 'xgbclassifier__reg_lambda': 2.5502152173721385e-05, 'xgbclassifier__subsample': 0.9566854934346185, 'xgbclassifier__n_estimators': 120}",0.25916961459690935,0.4850543478260869,0.351952545724172,0.31199742682534576,0.31325898389095413,0.3442865837726936,0.07632107234793876,27,0.4917008396797501,0.47320833729894357,0.4726727289772194,0.4855199222546161,0.4863561855173079,0.4818916027455674,0.007611899413282674
2,120,19.026990556716918,0.7301494234382494,0.039522981643676756,0.006769837107156717,0.7746792847496546,1.3961996708632256,0.05104943361980665,3,3,0.02617951257627122,1.1540016477209555e-05,0.5094008024584658,120,"{'xgbclassifier__colsample_bytree': 0.7746792847496546, 'xgbclassifier__gamma': 1.3961996708632256, 'xgbclassifier__learning_rate': 0.05104943361980665, 'xgbclassifier__max_depth': 3, 'xgbclassifier__min_child_weight': 3, 'xgbclassifier__reg_alpha': 0.02617951257627122, 'xgbclassifier__reg_lambda': 1.1540016477209555e-05, 'xgbclassifier__subsample': 0.5094008024584658, 'xgbclassifier__n_estimators': 120}",0.26417938571697763,0.46950092421441775,0.3808,0.32643970728603244,0.3051417587698222,0.34921235519745,0.07093452756080505,4,0.42850723465444407,0.40843214756258234,0.4070811744386874,0.42237586423632933,0.4266022198353025,0.4185997281454691,0.009083111104169555
2,120,20.690494298934937,1.2041166605984497,0.03420300483703613,0.001110541624934269,0.5914561647437566,0.01278519593864047,0.018095249760916057,5,1,7.334970080651783e-05,0.00029496197779972037,0.6165929632880168,120,"{'xgbclassifier__colsample_bytree': 0.5914561647437566, 'xgbclassifier__gamma': 0.01278519593864047, 'xgbclassifier__learning_rate': 0.018095249760916057, 'xgbclassifier__max_depth': 5, 'xgbclassifier__min_child_weight': 1, 'xgbclassifier__reg_alpha': 7.334970080651783e-05, 'xgbclassifier__reg_lambda': 0.00029496197779972037, 'xgbclassifier__subsample': 0.6165929632880168, 'xgbclassifier__n_estimators': 120}",0.2738916256157636,0.4708146247594612,0.3673469387755102,0.31956452129362795,0.3129596753740807,0.34891547716368876,0.06779675147915114,7,0.4510748702742773,0.4364033093917628,0.432245477119546,0.45086377796658167,0.4481327800829875,0.44374404296703107,0.007871417342734251
3,240,80.7334014415741,0.2545659126721169,0.08960280418395997,0.011295972199155875,0.6774063298099378,0.004062442694274804,0.04594872151884791,5,2,0.023460933406135653,2.5502152173721385e-05,0.9566854934346185,240,"{'xgbclassifier__colsample_bytree': 0.6774063298099378, 'xgbclassifier__gamma': 0.004062442694274804, 'xgbclassifier__learning_rate': 0.04594872151884791, 'xgbclassifier__max_depth': 5, 'xgbclassifier__min_child_weight': 2, 'xgbclassifier__reg_alpha': 0.023460933406135653, 'xgbclassifier__reg_lambda': 2.5502152173721385e-05, 'xgbclassifier__subsample': 0.9566854934346185, 'xgbclassifier__n_estimators': 240}",0.25694187338022956,0.4662756598240469,0.3359639233370913,0.3044341495698213,0.3165068147400303,0.3360244841702439,0.07014031710269207,44,0.5356030724517334,0.5212182741116751,0.5216430651802751,0.5338711345537285,0.5340885684860969,0.5292848229567018,0.00644198997267849
3,240,65.67732257843018,0.17003241492983628,0.0834421157836914,0.015289391123134708,0.9523618712832905,4.767376391688529,0.011329244650005182,3,3,0.008149119038522525,0.0007894557613212727,0.9948259346972181,240,"{'xgbclassifier__colsample_bytree': 0.9523618712832905, 'xgbclassifier__gamma': 4.767376391688529, 'xgbclassifier__learning_rate': 0.011329244650005182, 'xgbclassifier__max_depth': 3, 'xgbclassifier__min_child_weight': 3, 'xgbclassifier__reg_alpha': 0.008149119038522525, 'xgbclassifier__reg_lambda': 0.0007894557613212727, 'xgbclassifier__subsample': 0.9948259346972181, 'xgbclassifier__n_estimators': 240}",0.28097438051238977,0.4171848501978519,0.39061371841155235,0.3227984044185333,0.2999257609502598,0.34229942289811743,0.05268524678702194,33,0.3999655202137747,0.38566320449514724,0.38171864631718644,0.4003882124580907,0.4052195380003527,0.39459102429691034,0.009174551561209054
3,240,66.27189555168152,2.3271029163333092,0.06826324462890625,0.03105953260588343,0.7597786104497248,1.150681810016904,0.04381815734660207,4,2,0.0015844489596691723,1.7045585972002637e-05,0.9185411633838407,240,"{'xgbclassifier__colsample_bytree': 0.7597786104497248, 'xgbclassifier__gamma': 1.150681810016904, 'xgbclassifier__learning_rate': 0.04381815734660207, 'xgbclassifier__max_depth': 4, 'xgbclassifier__min_child_weight': 2, 'xgbclassifier__reg_alpha': 0.0015844489596691723, 'xgbclassifier__reg_lambda': 1.7045585972002637e-05, 'xgbclassifier__subsample': 0.9185411633838407, 'xgbclassifier__n_estimators': 240}",0.2562225475841874,0.4789859906604403,0.33918715504264924,0.31760204081632654,0.3105045088959298,0.34050044859990664,0.0744403495117137,38,0.4796834282405173,0.46752015173067807,0.4689551678859501,0.4782272111476679,0.4755842675280258,0.4739940453065678,0.00490141125825917
3,240,57.74341344833374,2.7740936182702263,0.06253957748413086,0.007150509859117049,0.5914561647437566,0.01278519593864047,0.018095249760916057,5,1,7.334970080651783e-05,0.00029496197779972037,0.6165929632880168,240,"{'xgbclassifier__colsample_bytree': 0.5914561647437566, 'xgbclassifier__gamma': 0.01278519593864047, 'xgbclassifier__learning_rate': 0.018095249760916057, 'xgbclassifier__max_depth': 5, 'xgbclassifier__min_child_weight': 1, 'xgbclassifier__reg_alpha': 7.334970080651783e-05, 'xgbclassifier__reg_lambda': 0.00029496197779972037, 'xgbclassifier__subsample': 0.6165929632880168, 'xgbclassifier__n_estimators': 240}",0.2690600270218104,0.4787798408488064,0.3591647331786542,0.32258064516129037,0.3163756011136421,0.3491921694648407,0.07085009137377622,5,0.47833157945087534,0.46546207415772634,0.4629973968017851,0.4775340612619576,0.4758738601823708,0.472039794370943,0.006473097339144375
3,240,38.05071320533752,7.682271203843883,0.055980777740478514,0.01114713051536099,0.7746792847496546,1.3961996708632256,0.05104943361980665,3,3,0.02617951257627122,1.1540016477209555e-05,0.5094008024584658,240,"{'xgbclassifier__colsample_bytree': 0.7746792847496546, 'xgbclassifier__gamma': 1.3961996708632256, 'xgbclassifier__learning_rate': 0.05104943361980665, 'xgbclassifier__max_depth': 3, 'xgbclassifier__min_child_weight': 3, 'xgbclassifier__reg_alpha': 0.02617951257627122, 'xgbclassifier__reg_lambda': 1.1540016477209555e-05, 'xgbclassifier__subsample': 0.5094008024584658, 'xgbclassifier__n_estimators': 240}",0.25409983780861417,0.4814814814814814,0.360198108959928,0.32716836734693877,0.3053362048336923,0.3456568000861309,0.07617091784672267,22,0.45423982069480756,0.4323393455995649,0.4339452843772498,0.44579099468630556,0.4491117690599556,0.4430854428835767,0.008568288819306512
4,480,113.40212025642396,0.21509444927494073,0.07011237144470214,0.005660917224779943,0.9523618712832905,4.767376391688529,0.011329244650005182,3,3,0.008149119038522525,0.0007894557613212727,0.9948259346972181,480,"{'xgbclassifier__colsample_bytree': 0.9523618712832905, 'xgbclassifier__gamma': 4.767376391688529, 'xgbclassifier__learning_rate': 0.011329244650005182, 'xgbclassifier__max_depth': 3, 'xgbclassifier__min_child_weight': 3, 'xgbclassifier__reg_alpha': 0.008149119038522525, 'xgbclassifier__reg_lambda': 0.0007894557613212727, 'xgbclassifier__subsample': 0.9948259346972181, 'xgbclassifier__n_estimators': 480}",0.26597582037996553,0.45848375451263534,0.3766640563821457,0.3259911894273128,0.30294328786791097,0.3460116217139941,0.06670979087325014,19,0.42500222281497285,0.40337010336141754,0.40447901530045305,0.4169130162142793,0.4243344648919064,0.4148197645166058,0.009344725975859678
4,480,76.15677528381347,0.11921198919361756,0.09053316116333007,0.003136793613474104,0.7746792847496546,1.3961996708632256,0.05104943361980665,3,3,0.02617951257627122,1.1540016477209555e-05,0.5094008024584658,480,"{'xgbclassifier__colsample_bytree': 0.7746792847496546, 'xgbclassifier__gamma': 1.3961996708632256, 'xgbclassifier__learning_rate': 0.05104943361980665, 'xgbclassifier__max_depth': 3, 'xgbclassifier__min_child_weight': 3, 'xgbclassifier__reg_alpha': 0.02617951257627122, 'xgbclassifier__reg_lambda': 1.1540016477209555e-05, 'xgbclassifier__subsample': 0.5094008024584658, 'xgbclassifier__n_estimators': 480}",0.24667133847231953,0.4744623655913978,0.3382130237253912,0.3207729468599034,0.305303392259914,0.3370846133817852,0.07526565866667513,42,0.4925535062629451,0.47114004020292904,0.4746955859969558,0.4849613010678946,0.48430667573608016,0.48153142185336095,0.007689758315220088
4,480,86.69670672416687,15.882250444788156,0.10531258583068848,0.027922993449998136,0.5914561647437566,0.01278519593864047,0.018095249760916057,5,1,7.334970080651783e-05,0.00029496197779972037,0.6165929632880168,480,"{'xgbclassifier__colsample_bytree': 0.5914561647437566, 'xgbclassifier__gamma': 0.01278519593864047, 'xgbclassifier__learning_rate': 0.018095249760916057, 'xgbclassifier__max_depth': 5, 'xgbclassifier__min_child_weight': 1, 'xgbclassifier__reg_alpha': 7.334970080651783e-05, 'xgbclassifier__reg_lambda': 0.00029496197779972037, 'xgbclassifier__subsample': 0.6165929632880168, 'xgbclassifier__n_estimators': 480}",0.26420079260237783,0.4706723891273248,0.3373231773667029,0.31870669745958424,0.32038588474232044,0.342257788259662,0.06876130992506285,34,0.5218367346938775,0.5034770514603616,0.5096639904846862,0.5224231280008172,0.5179057802885101,0.5150613369856505,0.007369122866959258
5,960,186.5361967086792,0.2456974375467552,0.2396801471710205,0.0047298776365700896,0.5914561647437566,0.01278519593864047,0.018095249760916057,5,1,7.334970080651783e-05,0.00029496197779972037,0.6165929632880168,960,"{'xgbclassifier__colsample_bytree': 0.5914561647437566, 'xgbclassifier__gamma': 0.01278519593864047, 'xgbclassifier__learning_rate': 0.018095249760916057, 'xgbclassifier__max_depth': 5, 'xgbclassifier__min_child_weight': 1, 'xgbclassifier__reg_alpha': 7.334970080651783e-05, 'xgbclassifier__reg_lambda': 0.00029496197779972037, 'xgbclassifier__subsample': 0.6165929632880168, 'xgbclassifier__n_estimators': 960}",0.2614601018675722,0.44249201277955275,0.311787072243346,0.30598052851182195,0.32490221642764017,0.32932438636598665,0.060472343185422266,53,0.5993273542600898,0.5787178368948975,0.5858188572052878,0.6029378531073446,0.5950357781753131,0.5923675359285866,0.008904938740783885
5,960,195.62343754768372,0.25675570022909266,0.09713678359985352,0.007155690815575076,0.9523618712832905,4.767376391688529,0.011329244650005182,3,3,0.008149119038522525,0.0007894557613212727,0.9948259346972181,960,"{'xgbclassifier__colsample_bytree': 0.9523618712832905, 'xgbclassifier__gamma': 4.767376391688529, 'xgbclassifier__learning_rate': 0.011329244650005182, 'xgbclassifier__max_depth': 3, 'xgbclassifier__min_child_weight': 3, 'xgbclassifier__reg_alpha': 0.008149119038522525, 'xgbclassifier__reg_lambda': 0.0007894557613212727, 'xgbclassifier__subsample': 0.9948259346972181, 'xgbclassifier__n_estimators': 960}",0.2546112115732369,0.47434292866082606,0.3629139072847682,0.32775497316071994,0.3001893939393939,0.343962482923789,0.07418980185957383,28,0.4476287325506148,0.4289587852494577,0.42834224598930487,0.4392178564840435,0.44509839985286,0.4378492040252562,0.007993560220384976
